{
    "camera_matrix": [
        [
            160.78545825109808,
            0.0,
            115.67377238936581
        ],
        [
            0.0,
            162.3102963381146,
            93.25591568186613
        ],
        [
            0.0,
            0.0,
            1.0
        ]
    ],
    "dist_coeffs": [
        [
            0.42490288737420556,
            -1.4880424761642148,
            0.034128963890811326,
            -0.0014719936963837538,
            1.6236321981432813
        ]
    ],
    "optimal_camera_matrix": [
        [
            167.30772929376838,
            0.0,
            116.1116480530345
        ],
        [
            0.0,
            166.28451922601732,
            98.29147451801224
        ],
        [
            0.0,
            0.0,
            1.0
        ]
    ],
    "roi": [
        13,
        20,
        203,
        149
    ],
    "image_size": [
        240,
        180
    ]
}